{
  "roc_auc": 0.940793754066363,
  "pr_auc": 0.8126973452971976,
  "best_threshold": 0.31441492962565254,
  "best_f1": 0.7555555555555555,
  "confusion_matrix": [
    [
      630,
      37
    ],
    [
      40,
      119
    ]
  ]
}